ID,ExteriorComponentGroupID,ExteriorComponentHookID
1786,1499,2547
1788,1501,2549
1801,1514,2562
1802,1515,2563
1803,1516,2564
1836,1549,2597
1860,1573,2621
9086,6884,14772
9087,6884,14791
9088,6885,14773
9089,6885,14782
9196,6981,14884
9244,7022,14929
11207,1572,2622
11208,1572,2632
11209,1573,2629
11210,1574,2628
11211,1575,2626
11212,1575,2643
11213,1576,16949
11214,1576,16950
11215,1577,16951
11216,1577,16952
11217,1578,16953
11218,1578,16954
11219,1579,16955
11220,1580,2636
11221,1581,2635
11222,1582,2624
11223,1582,2634
11224,1583,2623
11225,1583,2633
11227,1585,2642
11228,1586,2631
11229,1587,2630
11230,8272,16966
11231,8272,16967
11232,8273,16968
11233,8273,16969
11234,8274,16970
11235,8275,16971
11236,8275,16972
11237,8276,16973
11238,8276,16974
11239,8277,16975
11240,8277,16976
11241,8278,16977
11242,8278,16978
11243,8279,16979
11244,8280,16980
11245,8281,16981
11246,8282,16982
11247,8282,16983
11248,8283,16984
11249,8283,16985
11251,8285,16987
11252,8286,16988
11253,8287,16989
11254,1548,2598
11255,1548,2608
11256,1549,2605
11257,1550,2604
11258,1551,16995
11259,1551,16996
11260,1552,16997
11261,1552,16998
11262,1553,16999
11263,1553,17000
11264,1554,17001
11265,1554,17002
11266,1555,17003
11267,1556,2612
11268,1557,2611
11269,1558,2600
11270,1558,2610
11271,1559,2599
11272,1559,2609
11274,1561,2618
11275,1562,2607
11276,1563,2606
11277,1509,2560
11278,1509,2571
11279,1510,2569
11280,1510,2565
11281,1511,2557
11282,1511,2568
11283,1512,2559
11284,1512,2570
11285,1513,17022
11286,1513,2566
11287,1514,2567
11288,1515,2561
11289,8312,17029
11290,8312,17030
11291,8313,17031
11292,8313,17032
11293,8314,17033
11294,8314,17034
11295,8315,17035
11296,8315,17036
11297,8316,17037
11298,8316,17038
11299,8317,17039
11300,8317,17040
11301,8318,17041
11302,8318,17042
11303,8319,17043
11304,1494,2554
11305,1494,2543
11306,1495,2551
11307,1495,2545
11308,1496,2556
11309,1496,2546
11310,1497,2555
11311,1497,17051
11312,1498,17052
11313,1498,2548
11314,1499,17054
11315,1500,2553
11316,1500,2550
11317,8328,17059
11318,8328,17060
11319,8329,17061
11320,8329,17062
11321,8330,17063
11322,8330,17064
11323,8331,17065
11324,8331,17066
11325,8332,17067
11326,8332,17068
11327,8333,17069
11328,8333,17070
11329,1467,2517
11330,1467,2522
11331,1468,2515
11332,1468,2521
11333,1469,2518
11334,1469,2523
11335,1470,2520
11336,1470,2524
11337,1471,2516
11338,1471,2525
11339,1472,2519
11340,1472,2526
11341,1455,2505
11342,1455,2510
11343,1456,2503
11344,1456,2509
11345,1457,2506
11346,1457,2511
11347,1458,2508
11348,1458,2512
11349,1459,2504
11350,1459,2513
11351,1460,2507
11352,1460,2514
11353,6886,14783
11354,6886,14794
11355,6887,14777
11356,6888,14778
11357,6889,14776
11358,6890,14795
11359,6891,14780
11360,6892,14781
11361,6893,14796
11362,6894,14797
11363,6895,14775
11364,6896,14779
11365,6897,14784
11366,6897,14792
11367,6898,14786
11368,6898,14793
11369,6899,14785
11370,6899,14798
11371,6905,14804
11372,6905,14813
11373,6905,14818
11374,6906,14806
11375,6906,14812
11376,6906,14816
11377,6907,14807
11378,6908,14809
11379,6908,14811
11380,6909,14819
11381,6909,14820
11382,6910,14808
11384,6910,14814
11385,6911,14815
11386,6912,14805
11387,6912,14817
11388,6923,14826
11389,6924,14828
11390,6925,14841
11391,6926,14840
11392,6927,14844
11393,6928,14843
11394,6929,14842
11395,6930,14830
11396,6931,14824
11397,6931,14834
11398,6932,14835
11399,6933,14825
11400,6933,14839
11401,6934,14823
11402,6934,14838
11403,6935,14836
11404,6936,14822
11405,6936,14837
11406,6937,14833
11407,6938,14829
11408,6938,14832
11409,6939,14827
11410,6939,14831
11411,6950,14853
11412,6951,14851
11413,6951,14862
11414,6952,14863
11415,6953,14860
11416,6954,14859
11417,6955,14858
11418,6956,14857
11419,6957,14850
11420,6958,14861
11421,6959,14856
11422,6960,14852
11423,6960,14855
11424,6966,14867
11425,6966,14871
11426,6966,14873
11427,6967,14865
11428,6967,14868
11429,6968,14866
11430,6968,14872
11431,6968,14874
11432,6969,14869
11433,6969,14870
11434,6980,14889
11435,6982,14890
11436,6983,14881
11437,6983,14885
11438,6984,14888
11439,6984,14893
11440,6985,14894
11441,6986,14883
11442,6987,14887
11443,6987,14892
11444,6988,14886
11445,6988,14891
11446,7017,14924
11447,7017,14927
11448,7018,14932
11449,7018,14934
11450,7019,14926
11451,7020,14931
11452,7020,14935
11453,7021,14933
11454,7023,17202
11455,7024,14923
11456,7024,14930
11457,8433,17205
11458,8433,17206
11459,8434,17207
11460,8434,17208
11461,8435,17209
11462,8435,17210
11463,8436,17211
11464,8436,17212
11465,8437,17213
11466,8437,17214
11467,8438,17215
11468,8438,17216
11469,8439,17217
11470,8440,17218
11471,8440,17219
11472,8441,17220
11473,8441,17221
11474,8442,17222
11475,8442,17223
11476,8443,17224
11477,8443,17225
11478,8444,17226
11479,8444,17227
11480,8445,17228
11481,8445,17229
11482,8446,17230
11483,8447,17231
11484,8447,17232
11485,8448,17233
11486,8448,17234
11487,8449,17235
11488,8449,17236
11489,8450,17237
11490,8450,17238
11491,8451,17239
11492,8451,17240
11493,8452,17241
11494,8452,17242
11495,8453,17243
11496,5568,17244
11497,5568,17245
11498,5568,17246
11499,5569,17247
11500,5569,17248
11501,5569,17249
11502,5570,17250
11503,5570,17251
11504,5570,15016
11505,5571,17253
11506,5571,17254
11507,5571,15019
11508,5572,17256
11509,5572,17257
11510,5572,17258
11511,5573,17259
11512,5573,17260
11513,5573,17261
11514,5581,17262
11515,5581,17263
11516,5581,17264
11517,5582,17265
11518,5582,17266
11519,5582,17267
11520,5583,17268
11521,5583,17269
11522,5583,15037
11523,5584,17271
11524,5584,17272
11525,5584,15035
11526,5585,17274
11527,5585,17275
11528,5585,17276
11529,5586,17277
11530,5586,17278
11531,5586,17279
11532,5675,17280
11533,5675,17281
11534,5675,17282
11535,5676,17283
11536,5676,17284
11537,5676,17285
11538,5677,17286
11539,5677,17287
11540,5677,15067
11541,5678,17289
11542,5678,17290
11543,5678,15065
11544,5679,17292
11545,5679,17293
11546,5679,17294
11547,5680,17295
11548,5680,17296
11549,5680,17297
11550,5688,17298
11551,5688,17299
11552,5688,17300
11553,5689,17301
11554,5689,17302
11555,5689,17303
11556,5690,17304
11557,5690,11837
11558,5690,11866
11559,5691,17307
11560,5691,17308
11561,5691,17309
11562,5692,17310
11563,5693,17311
11564,5694,17312
11565,5695,17313
11566,8480,17314
11567,8480,17315
11568,8481,17316
11569,8481,17317
11570,8482,17318
11571,8482,17319
11572,8483,17320
11573,8483,17321
11574,8484,17322
11575,8484,17323
11576,8485,17324
11577,8485,17325
11578,8486,17326
11579,8486,17327
11580,8487,17328
11581,8487,17329
11582,8488,17330
11583,8488,17331
11584,8489,17332
11585,8489,17333
11586,8490,17334
11587,8490,17335
11588,8491,17336
11589,8492,17337
11590,8493,17338
11591,8494,17339
11592,8495,17340
11593,5641,17341
11594,5641,17342
11595,5642,17343
11596,5643,17344
11597,5643,17345
11598,5643,17346
11599,5644,17347
11600,5644,17348
11601,5644,17349
11602,5645,17350
11603,5645,17351
11604,5646,17352
11605,5646,17353
11606,5646,17354
11607,5647,17355
11608,5647,11749
11609,5648,17357
11610,5649,17358
11611,8505,17359
11612,8505,17360
11613,8506,17361
11614,8506,17362
11615,8507,17363
11616,8507,17364
11617,8508,17365
11618,8508,17366
11619,8509,17367
11620,8509,17368
11621,8510,17369
11622,8510,17370
11623,8511,17371
11624,8512,17372
11625,8513,17373
11626,8514,17374
11627,8515,17375
11628,8515,17376
11629,8516,17377
11630,8516,17378
11631,8517,17379
11632,8517,17380
11633,8518,17381
11634,8518,17382
11635,8519,17383
11636,8519,17384
11637,8520,17385
11638,8520,17386
11639,8521,17387
11640,8522,17388
11641,6676,17389
11642,6676,17390
11643,6676,17391
11644,6677,17392
11645,6677,17393
11646,6677,17394
11647,6678,14543
11648,6678,14561
11649,6678,14547
11650,6678,14579
11651,6679,17399
11652,6679,17400
11653,6679,17401
11654,6679,17402
11655,6680,17403
11656,6681,17404
11657,6682,17405
11658,6683,17406
11659,5604,17407
11660,5604,17408
11661,5604,17409
11662,5605,17410
11663,5605,17411
11664,5605,17412
11665,5606,11684
11666,5606,17414
11667,5606,11697
11668,5607,17416
11669,5607,17417
11670,5607,17418
11671,5608,17419
11672,5609,17420
11673,5610,17421
11674,5611,17422
11675,8539,17423
11676,8539,17424
11677,8540,17425
11678,8540,17426
11679,8541,17427
11680,8541,17428
11681,8542,17429
11682,8542,17430
11683,8543,17431
11684,8543,17432
11685,8544,17433
11686,8544,17434
11687,8545,17435
11688,8546,17436
11689,8547,17437
11690,8548,17438
11691,8549,17439
11692,8549,17440
11693,8550,17441
11694,8550,17442
11695,8551,17443
11696,8551,17444
11697,8552,17445
11698,8552,17446
11699,8553,17447
11700,8553,17448
11701,8554,17449
11702,8554,17450
11703,8555,17451
11704,8555,17452
11705,8556,17453
11706,8556,17454
11707,8557,17455
11708,8557,17456
11709,8558,17457
11710,8558,17458
11711,8559,17459
11712,8559,17460
11713,8560,17461
11714,8561,17462
11715,8562,17463
11716,8563,17464
11717,8564,17465
11718,8565,17466
11719,8565,17467
11720,8566,17468
11721,8566,17469
11722,8567,17470
11723,8567,17471
11724,8568,17472
11725,8568,17473
11726,8569,17474
11727,8570,17475
11728,8570,17476
11729,8571,17477
11730,8571,17478
11731,8572,17479
11732,8572,17480
11733,8573,17481
11734,8573,17482
11735,8574,17483
11736,8574,17484
11737,8575,17485
11738,8575,17486
11739,8576,17487
11740,8577,17488
11741,8578,17489
11742,8579,17490
11743,5517,17491
11744,5517,17492
11745,5518,17493
11746,5519,17494
11747,5519,17495
11748,5519,17496
11749,5520,17497
11750,5520,17498
11751,5520,17499
11752,5521,17500
11753,5521,17501
11754,5522,17502
11755,5522,17503
11756,5522,17504
11757,5523,17505
11758,5523,11494
11759,5524,17507
11760,5525,17508
11761,5498,17509
11762,5498,17510
11763,5499,17511
11764,5500,17512
11765,5500,17513
11766,5500,17514
11767,5501,17515
11768,5501,17516
11769,5501,17517
11770,5502,17518
11771,5502,17519
11772,5503,17520
11773,5503,17521
11774,5503,17522
11775,5504,11456
11776,5504,17524
11777,5504,11465
11778,5505,17526
11779,5506,17527
12147,7003,17895
12148,7003,17896
12149,7004,17897
12150,7004,17898
12151,7005,17899
12152,7005,17900
12153,7006,17901
12154,7006,17902
12155,7007,17903
12156,7007,17904
12157,7008,17905
12158,7008,17906
12159,6993,17907
12160,6994,17908
12161,6995,17909
12162,6996,17910
12163,6997,17911
12164,6998,17912
12165,6999,17913
12166,6999,17914
12167,6999,17915
12168,7000,17916
12169,7000,17917
12170,7000,17918
15156,10458,5997
15157,10458,6003
15160,10459,20903
15161,10459,20904
15162,10460,6060
15165,10461,6038
15167,10462,5994
15168,10462,6045
15171,10463,20914
15174,10464,6017
15177,10465,6002
15179,10466,6012
15182,10467,5992
15183,10467,6018
15185,10468,20928
15188,10468,20931
15189,10469,20932
15190,10469,20933
15193,10470,5995
15194,10470,6033
15195,10471,6006
15196,10472,6007
15198,10473,6036
15201,10474,6032
15203,10475,6037
15206,10476,6031
15208,10477,6020
15210,10478,20953
15211,10479,6021
15213,10480,20956
15215,10481,20958
15218,10482,6057
15223,10483,6044
15225,10484,6016
15228,10485,6001
15229,10486,20972
15230,10487,14530
15231,10488,14536
15232,10489,20975
15233,10490,20976
15234,10491,20977
15235,10492,20978
15236,10493,14527
15237,10493,14526
15238,10494,14537
15239,10495,14528
15240,10496,14508
15241,10496,14512
15244,10497,14515
15247,10498,14525
15248,10499,14509
15249,10499,20992
15250,10500,14517
15253,10501,20996
15256,10502,20999
15257,10503,14516
15258,10504,21001
15259,10505,14505
15260,10506,14497
15261,10507,14502
15262,10508,14504
15263,10509,14503
15264,10510,14501
15265,10511,14498
15266,10511,14507
15267,10512,14499
15268,10513,14500
15269,10514,14479
15270,10514,14483
15273,10515,14486
15276,10516,14496
15277,10517,14480
15278,10517,21021
15279,10518,14488
15283,10519,21026
15284,10520,21027
15286,10521,14487
15287,10522,14463
15290,10522,14478
15291,10523,14466
15293,10524,14472
15295,10525,14461
15296,10525,21039
15298,10526,14476
15301,10527,21044
15302,10528,21045
15304,10529,14474
15305,10530,21048
15306,10531,14454
15307,10532,14458
15308,10533,21051
15309,10534,21052
15310,10535,21053
15311,10536,21054
15312,10537,14450
15313,10537,14460
15314,10538,14451
15315,10539,14452
15316,10540,5836
15319,10540,5898
15320,10541,21063
15321,10541,21064
15322,10542,5894
15325,10543,5872
15327,10544,5828
15328,10544,21071
15331,10545,21074
15334,10546,5852
15337,10547,5835
15339,10548,5848
15342,10549,5826
15344,10549,5900
15345,10550,21088
15348,10550,21091
15349,10551,21092
15350,10551,21093
15353,10552,5829
15354,10552,5867
15355,10553,5839
15356,10554,5840
15358,10555,5870
15362,10556,5866
15364,10557,5871
15368,10558,5865
15370,10559,5854
15372,10560,21115
15373,10561,5855
15375,10562,21118
15377,10563,21120
15380,10564,5891
15385,10565,5878
15386,10566,5851
15390,10567,5834
15391,10568,5752
15392,10568,5764
15395,10569,21138
15396,10569,21139
15397,10570,5821
15400,10571,5799
15402,10572,5754
15403,10572,5806
15406,10573,21149
15409,10574,5778
15412,10575,5763
15414,10576,5773
15417,10577,5758
15418,10577,5779
15420,10578,21163
15423,10578,21166
15424,10579,21167
15425,10579,21168
15428,10580,5755
15429,10580,5794
15430,10581,5767
15431,10582,5768
15433,10583,5797
15436,10584,5793
15438,10585,5798
15441,10586,5792
15443,10587,5781
15445,10588,21188
15446,10589,5782
15448,10590,21191
15450,10591,21193
15453,10592,5818
15458,10593,5805
15460,10594,5777
15463,10595,5762
15464,10596,21207
15465,10597,21208
15466,10598,5745
15467,10599,5709
15468,10600,21211
15469,10601,21212
15470,10602,21213
15471,10603,5711
15472,10604,21215
15473,10605,21216
15474,10606,21217
15475,10607,21218
15476,10608,5723
15477,10609,21220
15478,10610,21221
15479,10611,21222
15480,10612,21223
15481,10612,5751
15482,10613,21225
15483,10614,5705
15484,10615,5703
15485,10616,5704
15487,10617,5738
15489,10618,5736
15492,10619,5728
15494,10620,5737
15496,10621,5726
15497,10621,5750
15498,10622,21241
15499,10623,21242
15500,10624,21243
15501,10625,21244
15502,10626,14448
15503,10627,21246
15504,10628,21247
15505,10629,21248
15506,10630,21249
15507,10631,14441
15508,10632,14440
15510,10633,21253
15512,10634,21255
15513,10635,14436
15515,10636,14431
15517,10637,14437
15518,10638,14427
15521,10638,14447
15522,10639,14390
15523,10639,14397
15526,10640,21269
15527,10640,21270
15528,10641,14414
15531,10642,14396
15533,10643,14409
15536,10644,14388
15537,10644,14415
15538,10645,21281
15541,10645,21284
15542,10646,21285
15545,10647,14400
15546,10648,14401
15547,10649,14416
15550,10650,21293
15552,10651,14419
15553,10652,21296
15556,10653,14413
15559,10654,14395
15560,10655,21303
15561,10656,21304
15562,10657,21305
15563,10658,21306
15564,10659,21307
15565,10660,21308
15566,10661,21309
15567,10662,21310
15568,10663,14373
15569,10664,14371
15570,10665,14372
15572,10666,14374
15574,10667,21317
15576,10668,14369
15577,10669,21320
15580,10670,14370
15581,10670,14386
15582,10671,21325
15583,10672,21326
15584,10673,14356
15585,10674,14358
15586,10675,21329
15587,10676,21330
15588,10677,21331
15589,10678,14360
15590,10679,21333
15591,10680,14354
15592,10681,14352
15593,10682,14353
15596,10683,14363
15597,10684,14351
15598,10685,14341
15602,10686,14364
15603,10687,14343
15606,10687,14365
15607,10688,14306
15608,10688,14312
15611,10689,21354
15612,10689,21355
15613,10690,14329
15616,10691,14311
15618,10692,14324
15621,10693,14304
15622,10693,14330
15623,10694,21366
15626,10694,21369
15627,10695,14317
15630,10696,14315
15631,10697,14316
15633,10698,14332
15635,10699,21378
15636,10700,14333
15638,10701,21381
15641,10702,14328
15644,10703,14310
15645,10704,14268
15646,10704,14274
15649,10705,21392
15650,10705,21393
15651,10706,14291
15654,10707,14273
15656,10708,14286
15659,10709,14266
15660,10709,14292
15661,10710,21404
15664,10710,21407
15665,10711,14279
15668,10712,14277
15669,10713,14278
15671,10714,14294
15673,10715,21416
15674,10716,14295
15676,10717,21419
15679,10718,14290
15682,10719,14272
15683,10720,21426
15684,10721,21427
15685,10722,5492
15686,10723,5494
15687,10724,21430
15688,10725,21431
15689,10726,21432
15690,10727,5496
15691,10728,21434
15692,10729,21435
15693,10730,21436
15694,10731,21437
15695,10732,5508
15696,10733,5504
15697,10734,5506
15698,10735,21441
15699,10736,21442
15700,10736,5510
15701,10737,21444
15702,10738,5490
15703,10739,5488
15704,10740,5489
15707,10741,5499
15708,10742,5501
15710,10743,5482
15712,10744,5500
15715,10745,5480
15716,10745,5509
15717,10746,21460
15718,10747,21461
15719,10748,21462
15720,10749,21463
15721,10750,21464
15722,10751,21465
15723,10752,21466
15724,10753,21467
15725,10754,21468
15726,10755,21469
15727,10756,21470
15728,10757,21471
15729,10758,21472
15730,10759,21473
15731,10760,21474
15732,10761,21475
15733,10762,21476
15734,10762,5477
15735,10763,21478
15736,10764,21479
15737,10765,5475
15739,10766,5474
15740,10767,5464
15742,10768,5462
15745,10769,5454
15747,10770,5463
15749,10771,5451
15750,10771,5476
16327,10963,6616
16329,10963,22072
16331,10964,6620
16333,10964,6629
16335,10965,6608
16336,10965,6623
16338,10966,6612
16340,10966,6625
16341,10967,22084
16342,10967,22085
16343,10968,22086
16344,10968,22087
16345,10969,22088
16346,10969,22089
16348,10970,22091
16349,10970,22092
16350,10971,6605
16351,10971,6598
16352,10971,22095
16353,10972,22096
16354,10972,6597
16355,10972,22098
16356,10973,22099
16357,10973,22100
16358,10974,22101
16359,10974,22102
16360,10975,6604
16361,10975,6599
16362,10975,22105
16363,10976,22106
16364,10976,22107
16365,10977,6603
16366,10977,6602
16367,10977,22110
16368,10978,22111
16369,10978,22112
16371,10979,22114
16372,10979,6588
16373,10980,6573
16375,10980,6592
16377,10981,6560
16379,10981,6581
16381,10982,6566
16383,10982,6584
16385,10983,22128
16388,10983,22131
16391,10984,22134
16395,10984,22138
16397,10985,22140
16401,10985,22144
16403,10986,22146
16405,10986,22148
16407,10987,6587
16408,10988,6541
16409,10988,6530
16410,10988,6555
16411,10989,22154
16412,10989,6526
16413,10989,22156
16415,10990,22158
16416,10990,22159
16417,10991,22160
16418,10991,22161
16419,10992,6518
16420,10992,6556
16421,10993,22164
16423,10993,22166
16424,10994,6551
16425,10994,6522
16426,10994,6552
16427,10995,22170
16429,10995,22172
16430,10996,22173
16431,10996,22174
16432,10996,22175
16433,10997,22176
16434,10997,22177
16436,10998,22179
16437,10998,22180
16438,10999,22181
16439,10999,22182
16440,11000,22183
16441,11000,22184
16443,11001,22186
16444,11001,22187
16446,11002,22189
16447,11002,22190
16448,11003,22191
16449,11003,22192
16450,11004,22193
16452,11004,6488
16454,11005,6506
16455,11005,6492
16457,11006,6498
16459,11006,6493
16462,11007,22205
16465,11007,22208
16469,11008,22212
16471,11008,22214
16476,11009,22219
16477,11009,22220
16479,11010,6495
16480,11011,6456
16481,11011,6470
16482,11011,6462
16483,11012,22226
16484,11012,6467
16485,11012,22228
16487,11013,22230
16488,11013,22231
16489,11014,22232
16490,11014,22233
16491,11015,6448
16492,11015,6483
16493,11016,6477
16494,11016,6450
16495,11016,6460
16497,11017,22240
16498,11017,22241
16499,11018,22242
16500,11018,22243
16501,11018,22244
16502,11019,22245
16503,11019,22246
16504,11020,22247
16505,11020,22248
16506,11021,6481
16507,11022,22250
16508,11022,22251
16510,11023,22253
16511,11023,22254
16512,11024,22255
16514,11024,22257
16515,11025,22258
16516,11025,22259
16517,11026,6432
16518,11026,6446
16519,11026,6421
16520,11027,22263
16521,11027,22264
16522,11027,6417
16524,11028,22267
16525,11028,22268
16526,11029,22269
16527,11029,22270
16528,11030,6447
16529,11030,6409
16530,11031,22273
16532,11031,22275
16533,11032,6442
16534,11032,6443
16535,11032,6413
16536,11033,22279
16538,11033,22281
16539,11034,22282
16540,11034,22283
16541,11034,22284
16542,11035,22285
16543,11035,22286
16545,11036,22288
16546,11036,22289
16547,11037,22290
16548,11037,22291
16549,11038,22292
16550,11038,22293
16552,11039,22295
16553,11039,22296
16555,11040,22298
16556,11040,22299
16557,11041,22300
16558,11041,22301
16559,11042,6392
16560,11042,6396
16561,11042,6404
16562,11043,22305
16563,11043,6398
16564,11043,22307
16565,11044,22308
16566,11044,22309
16567,11045,22310
16568,11045,22311
16569,11046,6388
16570,11046,6401
16571,11046,6403
16572,11047,22315
16573,11047,22316
16574,11048,6386
16575,11048,6394
16576,11048,6402
16577,11049,22320
16578,11049,22321
16579,11050,6370
16580,11050,6384
16581,11050,6359
16582,11051,22325
16583,11051,22326
16584,11051,6355
16586,11052,22329
16587,11052,22330
16588,11053,22331
16589,11053,22332
16590,11054,6385
16591,11054,6347
16592,11055,22335
16594,11055,22337
16595,11056,6380
16596,11056,6381
16597,11056,6351
16598,11057,22341
16600,11057,22343
16601,11058,22344
16602,11058,22345
16603,11058,22346
16604,11059,22347
16605,11059,22348
16607,11060,22350
16608,11060,22351
16609,11061,22352
16610,11061,22353
16611,11062,22354
16612,11062,22355
16614,11063,22357
16615,11063,22358
16617,11064,22360
16618,11064,22361
16619,11065,22362
16620,11065,22363
16622,11066,6328
16624,11066,22367
16626,11067,6332
16628,11067,6339
16630,11068,6320
16632,11068,6341
16634,11069,6324
16636,11069,6335
16637,11070,22380
16638,11070,22381
16639,11071,22382
16640,11071,22383
16641,11072,22384
16642,11072,22385
16643,11073,22386
16644,11073,22387
16645,11074,22388
16647,11075,22390
16648,11075,6312
16649,11076,6297
16651,11076,6316
16653,11077,6284
16655,11077,6305
16657,11078,6290
16659,11078,6308
16661,11079,22404
16664,11079,22407
16667,11080,22410
16671,11080,22414
16673,11081,22416
16677,11081,22420
16679,11082,22422
16681,11082,22424
16683,11083,6311
16684,11084,6245
16686,11084,22429
16687,11085,6249
16688,11085,6273
16690,11086,6252
16692,11086,6260
16694,11087,6255
16696,11087,6266
16698,11088,22441
16701,11088,22444
16704,11089,22447
16708,11089,22451
16712,11090,22455
16713,11090,22456
16716,11091,22459
16719,11091,22462
16721,11092,6256
16722,11093,6216
16724,11093,22467
16725,11094,6220
16726,11094,6235
16728,11095,6213
16730,11095,6227
16733,11096,22476
16737,11096,22480
16740,11097,22483
16742,11097,22485
16746,11098,22489
16748,11098,22491
16751,11099,6223
16752,11100,6185
16753,11100,6200
16754,11100,6191
16755,11101,22498
16756,11101,6197
16757,11101,22500
16759,11102,22502
16760,11102,22503
16761,11103,22504
16762,11103,22505
16763,11104,6177
16764,11104,6212
16765,11105,6210
16766,11105,6179
16767,11105,6189
16769,11106,22512
16770,11106,22513
16771,11107,22514
16772,11107,22515
16773,11107,22516
16774,11108,22517
16775,11108,22518
16776,11109,22519
16777,11109,22520
16778,11110,6176
16779,11111,22522
16780,11111,22523
16782,11112,22525
16783,11112,22526
16784,11113,22527
16786,11113,22529
16787,11114,22530
16788,11114,22531
16789,11115,6148
16790,11115,6154
16791,11115,6163
16792,11116,22535
16793,11116,22536
16794,11116,6160
16796,11117,22539
16797,11117,22540
16798,11118,22541
16799,11118,22542
16800,11119,6175
16801,11119,6140
16802,11120,6173
16803,11120,6152
16804,11120,6142
16806,11121,22549
16807,11121,22550
16808,11122,22551
16809,11122,22552
16810,11122,22553
16811,11123,22554
16812,11123,22555
16813,11124,22556
16814,11124,22557
16815,11125,6139
16816,11126,22559
16817,11126,22560
16819,11127,22562
16820,11127,22563
16821,11128,22564
16823,11128,22566
16824,11129,22567
16825,11129,22568
16827,11130,22570
16828,11130,6112
16830,11131,6131
16831,11131,6116
16833,11132,6125
16835,11132,6117
16838,11133,22581
16841,11133,22584
16845,11134,22588
16848,11134,22591
16852,11135,22595
16854,11135,22597
16855,11136,6119
16856,11137,6099
16857,11137,6096
16858,11137,6108
16859,11138,22602
16860,11138,22603
16861,11138,22604
16862,11139,22605
16863,11139,22606
16864,11140,22607
16865,11140,22608
16866,11141,6101
16867,11141,6094
16868,11141,6105
16869,11142,22612
16870,11142,22613
16871,11143,6103
16872,11143,6089
16873,11143,6106
16874,11144,22617
16875,11144,22618
16877,11145,6073
16879,11145,22622
16882,11146,6078
16883,11146,6083
16885,11147,6065
16887,11147,6085
16889,11148,6069
16891,11148,6087
16892,11149,22635
16893,11149,22636
16894,11150,22637
16895,11150,22638
16896,11151,22639
16897,11151,22640
16898,11152,22641
16899,11152,22642
16900,11153,22643
17067,13320,6039
17068,13321,6040
17069,13322,6042
17070,13323,6043
17073,13355,5877
17074,13356,5876
17077,13375,5804
17078,13376,5803
17079,13377,5800
17080,13378,5801
17087,13408,22136
17088,13408,22137
17089,13409,22132
17090,13409,22139
17091,13410,22217
17092,13411,22207
17093,13411,22209
17094,13412,22203
17095,13412,22210
17096,13413,22412
17097,13413,22413
17098,13414,22408
17099,13414,22415
17100,13416,22446
17101,13416,22453
17102,13417,22448
17103,13417,22449
17104,13418,22493
17105,13419,22475
17106,13419,22482
17107,13420,22477
17108,13420,22478
17109,13421,22592
17110,13422,22583
17111,13422,22585
17112,13423,22579
17113,13423,22586
17114,13512,5717
17115,13513,5697
17116,13523,21259
17117,13524,14429
17118,13541,14366
17119,13553,14350
17120,13554,14345
17121,13583,5502
17122,13584,5483
17123,13589,5461
17124,13829,5897
17125,13830,5896
17126,10466,23563
17127,10498,23564
17128,10500,23565
17129,10516,23566
17130,10518,23567
17131,10524,23568
17132,10526,23569
17133,10548,23570
17134,10576,23571
17135,10643,23572
17136,10646,23573
17137,10692,23574
17138,10695,23575
17139,10708,23576
17140,10711,23577
17141,13834,21321
17142,13857,5447
17143,6980,23859
17144,6981,23860
17145,6982,23862
17146,6983,23865
17147,6983,23866
17148,6984,23869
17149,6984,23870
17150,6985,23871
17151,6986,23872
17152,6987,23875
17153,6987,23876
17154,6988,23879
17155,6988,23880
