ID,Map_0,Map_1,JournalEncounterID,MapDisplayConditionID,Flags,UiMapID
1613,0.63669997454,0.46257483959,178,0,1,337
1614,0.63114702702,0.49590098858,581,0,1,132
1615,0.67213100195,0.78688502312,583,0,1,132
1616,0.43169400096,0.5942620039,586,0,1,158
1617,0.49001997709,0.34281432629,168,0,1,296
1618,0.50998008251,0.72455096245,197,0,1,369
1619,0.47541001439,0.39754098654,609,0,1,184
1620,0.36526969075,0.61227548122,89,54460,1,291
1621,0.51304799318,0.82126998901,851,0,1,564
1622,0.30625298619,0.3855240047,864,0,1,559
1623,0.5878880024,0.46528801322,865,0,1,565
1624,0.50499004126,0.23053884506,112,0,1,324
1625,0.31037956476,0.5,127,0,1,299
1626,0.37025970221,0.44760477543,111,0,1,324
1627,0.48502996564,0.39520955086,185,0,1,337
1628,0.65469127893,0.40269458294,95,54460,1,292
1629,0.63972115517,0.49251496792,129,0,1,299
1630,0.53992033005,0.7844312191,157,0,1,294
1631,0.90419334173,0.52994012833,191,0,1,333
1632,0.41516980529,0.55239522457,122,0,1,277
1633,0.65469127893,0.57485032082,169,0,1,285
1634,0.49538901448,0.66081702709,285,0,1,402
1635,0.61611998081,0.30737701058,551,0,1,271
1636,0.47504994273,0.32784426212,171,0,1,286
1637,0.12475066632,0.75898206234,91,54460,1,292
1638,0.73453193903,0.75449109077,167,0,1,295
1639,0.40518978238,0.77399289608,187,0,1,333
1640,0.40518978238,0.68712580204,131,0,1,293
1641,0.33211699128,0.85258698463,318,0,1,414
1642,0.50499004126,0.42514967918,102,0,1,323
1643,0.30039954185,0.38023948669,116,0,1,325
1644,0.47005993128,0.6646707058,107,0,1,284
1645,0.27544948459,0.57485032082,170,0,1,285
1646,0.35528966784,0.23053884506,186,0,1,333
1647,0.5,0.49251496792,125,0,1,298
1648,0.56737601757,0.27717900276,322,0,1,399
1649,0.62974107265,0.59730541706,110,0,1,324
1650,0.60190528631,0.41471135616,180,0,1,337
1651,0.64371371269,0.3802395463,194,0,1,367
1652,0.60479086637,0.79940128326,176,0,1,337
1653,0.32534959912,0.19311368465,104,0,1,322
1654,0.71457177401,0.7020958662,173,0,1,286
1655,0.48003995419,0.20059871674,181,0,1,337
1656,0.50998008251,0.53742516041,175,0,1,337
1657,0.59980082512,0.46257483959,177,0,1,337
1658,0.30439156294,0.7739521265,97,0,1,311
1659,0.47504994273,0.74700605869,128,0,1,299
1660,0.21057921648,0.32784426212,192,0,1,367
1661,0.31733843684,0.24550890923,184,0,1,337
1662,0.66467136145,0.73203599453,96,0,1,310
1663,0.53493028879,0.19311368465,156,0,1,294
1664,0.71457177401,0.52994012833,190,0,1,333
1665,0.80439251661,0.63473057747,139,0,1,282
1666,0.47504994273,0.5,155,0,1,328
1667,0.27045947313,0.65718567371,119,0,1,277
1668,0.51996016502,0.82185637951,115,0,1,325
1669,0.15568892658,0.63177728653,140,0,1,282
1670,0.67465144396,0.19311368465,103,0,1,322
1671,0.24550940096,0.7020958662,172,0,1,286
1672,0.55489045382,0.70958089828,188,0,1,333
1673,0.58483070135,0.23802387714,189,0,1,333
1674,0.58483070135,0.62724554539,124,0,1,297
1675,0.49500960112,0.30988049507,196,0,1,367
1676,0.37524971366,0.42514967918,117,0,1,277
1677,0.69461160898,0.19311368465,133,0,1,293
1678,0.50199604034,0.86826360226,90,54460,1,291
1679,0.53961700201,0.48565599322,592,0,1,154
1680,0.46584698558,0.65573698282,593,0,1,154
1681,0.18715900183,0.50614601374,833,0,1,129
1682,0.51499998569,0.30000001192,132,0,1,293
1683,0.49301347136,0.44311341643,195,0,1,367
1684,0.60479086637,0.45508980751,93,54460,1,292
1685,0.68463152647,0.3353292942,100,0,1,315
1686,0.47504994273,0.26047897339,154,0,1,328
1687,0.61475402117,0.77459001541,599,0,1,139
1688,0.55909699202,0.39206799865,323,0,1,403
1689,0.50273197889,0.86270499229,605,0,1,140
1690,0.50750201941,0.15383000672,198,0,1,369
1691,0.54990041256,0.44760477543,114,0,1,325
1692,0.50499004126,0.2155687809,101,0,1,323
1693,0.84562897682,0.76024597883,606,0,1,140
1694,0.60479086637,0.38772451878,92,54460,1,292
1695,0.43442600965,0.62704902887,602,0,1,185
1696,0.54259002209,0.59231901169,866,0,1,558
1697,0.29345101118,0.66912901402,867,0,1,558
1698,0.77203398943,0.29689800739,868,0,1,559
1699,0.49433800578,0.71344202757,869,0,1,567
1700,0.52781897783,0.2924669981,870,0,1,564
1701,0.4251498282,0.45508980751,158,0,1,295
1702,0.65369325876,0.75000011921,193,0,1,367
1703,0.68962156773,0.50748503208,109,0,1,284
1704,0.55988049507,0.14071846008,126,0,1,297
1705,0.66467136145,0.84431147575,108,0,1,284
1706,0.27045947313,0.16317355633,106,0,1,284
1707,0.57485061884,0.38772451878,113,0,1,324
1708,0.8562617898,0.74700605869,134,0,1,293
1709,0.47504994273,0.25299394131,130,0,1,299
1710,0.50032901764,0.45809000731,331,0,1,409
1711,0.67465144396,0.72455096245,118,0,1,277
1712,0.28043949604,0.59730541706,98,0,1,310
1713,0.59980082512,0.51497006416,179,0,1,337
1714,0.5449103713,0.53742516041,99,0,1,313
1715,0.47904199362,0.17964099348,339,0,1,282
1716,0.3415299952,0.81967198849,574,0,1,263
1717,0.75956302881,0.43647500873,575,0,1,263
1718,0.69398897886,0.89959001541,576,0,1,262
1719,0.78688502312,0.28893500566,577,0,1,262
1720,0.5039960146,0.6925240159,311,0,1,409
1721,0.5,0.7020958662,105,0,1,283
1722,0.19945399463,0.78688502312,550,0,1,270
1723,0.4972679913,0.1372949928,607,0,1,140
1724,0.68032801151,0.55327802896,608,0,1,184
1725,0.48003995419,0.7020958662,174,0,1,286
1726,0.49120399356,0.27198898792,675,0,1,438
1727,0.26116400957,0.7510150075,664,0,1,429
1728,0.16666699946,0.56762301922,475,0,1,279
1729,0.26639300585,0.57172101736,414,0,1,235
1730,0.47814199328,0.20286899805,564,0,1,268
1731,0.39754098654,0.55737698078,532,0,1,348
1732,0.26776000857,0.70491802692,545,0,1,260
1733,0.65846997499,0.25819700956,613,0,1,131
1734,0.71737700701,0.25231900811,821,0,1,510
1735,0.42655798793,0.57607299089,824,0,1,512
1736,0.31599798799,0.82079297304,825,0,1,510
1737,0.71684902906,0.6448289752,725,0,1,376
1738,0.39344200492,0.48975399137,594,0,1,154
1739,0.57645398378,0.21921500564,727,0,1,457
1740,0.17614300549,0.45179200172,1372,0,1,662
1741,0.69672101736,0.27049198747,580,0,1,132
1742,0.18715900183,0.50614601374,617,0,1,129
1743,0.56284201145,0.72745901346,620,0,1,129
1744,0.49180299044,0.76229500771,622,0,1,143
1745,0.20703700185,0.51150202751,726,0,1,473
1746,0.10519099981,0.27458998561,603,0,1,185
1747,0.66576498747,0.32882300019,741,0,1,475
1748,0.48223999143,0.72540998459,582,0,1,132
1749,0.16666699946,0.3442620039,424,0,1,280
1750,0.48481100798,0.32301300764,289,0,1,406
1751,0.72404301167,0.38114801049,640,0,1,135
1752,0.60655802488,0.68852502108,642,0,1,137
1753,0.55314201117,0.4627879858,692,0,1,457
1754,0.4357919991,0.37295100093,597,0,1,138
1755,0.65480899811,0.22727200389,889,0,1,573
1756,0.7349730134,0.20399999619,450,0,1,317
1757,0.44262298942,0.17622999847,486,0,1,219
1758,0.38295000792,0.45669800043,669,0,1,441
1759,0.44519600272,0.19282799959,672,0,1,429
1760,0.61882299185,0.44774800539,654,0,1,432
1761,0.56694000959,0.28893399239,405,0,1,240
1762,0.42589598894,0.29295200109,685,0,1,443
1763,0.58060097694,0.4057379961,571,0,1,265
1764,0.24726800621,0.45696699619,579,0,1,262
1765,0.62021797895,0.22131200135,619,0,1,129
1766,0.51229500771,0.52868801355,636,0,1,171
1767,0.45081999898,0.55122900009,632,0,1,168
1768,0.25136598945,0.70491802692,595,0,1,154
1769,0.27595600486,0.62295097113,626,0,1,168
1770,0.65287899971,0.60414397717,659,0,1,476
1771,0.52750402689,0.52045100927,317,0,1,412
1772,0.68842101097,0.81938898563,677,0,1,473
1773,0.34289601445,0.36885300279,562,0,1,266
1774,0.50819700956,0.31967198849,540,0,1,274
1775,0.51366102695,0.31557399035,563,0,1,267
1776,0.6092889905,0.74180400372,535,0,1,272
1777,0.46584698558,0.27049198747,596,0,1,154
1778,0.72124499083,0.47496700287,686,0,1,443
1779,0.71755200624,0.67614299059,1432,0,1,665
1780,0.24495700002,0.5691639781,1467,0,1,710
1781,0.56340098381,0.35086500645,1479,0,1,713
1782,0.6586329937,0.37499499321,1519,0,1,232
1783,0.69433897734,0.23679299653,1520,0,1,232
1784,0.41530099511,0.53483599424,644,0,1,137
1785,0.44125699997,0.26639398932,610,0,1,184
1786,0.46338900924,0.36962500215,291,0,1,398
1787,0.44790300727,0.75913399458,690,0,1,454
1788,0.41530001163,0.24180300534,578,0,1,262
1789,0.55601102114,0.40368801355,628,0,1,168
1790,0.47677600384,0.13319699466,591,0,1,161
1791,0.64984500408,0.69152802229,673,0,1,443
1792,0.27595600486,0.39958998561,618,0,1,129
1793,0.56694000959,0.59221297503,611,0,1,131
1794,0.38524600863,0.36065599322,477,0,1,279
1795,0.36719700694,0.53095197678,340,0,1,404
1796,0.40878000855,0.57407397032,696,0,1,213
1797,0.66542798281,0.16783200204,713,0,1,475
1798,0.29684600234,0.14656800032,728,0,1,246
1799,0.61202198267,0.86270499229,590,0,1,160
1800,0.28961798549,0.62704902887,638,0,1,133
1801,0.40163901448,0.60450798273,604,0,1,140
1802,0.18989099562,0.52254098654,600,0,1,139
1803,0.31954199076,0.3036929965,416,0,1,235
1804,0.4738239944,0.5137540102,341,0,1,400
1805,0.33606600761,0.53688502312,406,0,1,236
1806,0.46311500669,0.68032699823,523,0,1,257
1807,0.3265030086,0.27663901448,543,0,1,259
1808,0.36338800192,0.78278702497,549,0,1,270
1809,0.39070999622,0.20491799712,528,0,1,347
1810,0.48770499229,0.68032801151,541,0,1,258
1811,0.23633900285,0.50409799814,584,0,1,132
1812,0.24316899478,0.45901599526,457,0,1,220
1813,0.58743101358,0.62090098858,639,0,1,134
1814,0.78415298462,0.45286899805,465,0,1,225
1815,0.50963801146,0.53032499552,324,0,1,410
1816,0.54917997122,0.61885297298,553,0,1,273
1817,0.48087400198,0.74590200186,554,0,1,273
1818,0.38661199808,0.41803300381,555,0,1,261
1819,0.58333301544,0.41188499331,557,0,1,261
1820,0.44262298942,0.23360699415,558,0,1,266
1821,0.24180300534,0.22745899856,559,0,1,266
1822,0.07377039641,0.4815570116,560,0,1,266
1823,0.34016400576,0.86270600557,561,0,1,266
1824,0.33333298564,0.62090200186,566,0,1,246
1825,0.54408597946,0.63204997778,691,0,1,379
1826,0.49043700099,0.27049198747,570,0,1,265
1827,0.35245901346,0.75,601,0,1,185
1828,0.27185800672,0.61065602303,565,0,1,268
1829,0.54234999418,0.1372949928,573,0,1,263
1830,0.46143499017,0.87889099121,655,0,1,437
1831,0.32513600588,0.45901599526,614,0,1,131
1832,0.36338800192,0.70696699619,641,0,1,136
1833,0.49778500199,0.64579600096,372,0,1,242
1834,0.59153002501,0.4016380012,612,0,1,131
1835,0.51366102695,0.52663898468,637,0,1,171
1836,0.54234999418,0.34221300483,568,0,1,246
1837,0.4077039957,0.50935602188,342,0,1,399
1838,0.6734970212,0.54508197308,569,0,1,246
1839,0.50136601925,0.45081999898,585,0,1,159
1840,0.60081201792,0.19688799977,744,0,1,474
1841,0.46174898744,0.19262300432,623,0,1,144
1842,0.37704899907,0.20901699364,598,0,1,139
1843,0.53856599331,0.49323400855,729,0,1,456
1844,0.26204800606,0.45632499456,688,0,1,435
1845,0.46826499701,0.49929499626,325,0,1,411
1846,0.51551401615,0.43377500772,283,0,1,405
1847,0.21857899427,0.39549198747,544,0,1,260
1848,0.45081999898,0.62090098858,552,0,1,273
1849,0.82103800774,0.76844197512,572,0,1,265
1850,0.43579301238,0.49590200186,615,0,1,183
1851,0.36202201247,0.67417997122,621,0,1,129
1852,0.3627589941,0.7617880106,738,0,1,457
1853,0.53825098276,0.24795100093,385,0,1,243
1854,0.87302798033,0.48257699609,292,0,1,398
1855,0.62158501148,0.48770499229,587,0,1,157
1856,0.43305999041,0.2192620039,556,0,1,261
1857,0.73907101154,0.50819599628,524,0,1,257
1858,0.72950798273,0.31352499127,527,0,1,347
1859,0.67896199226,0.52868801355,627,0,1,168
1860,0.33060100675,0.45286899805,629,0,1,168
1861,0.27185800672,0.33606600761,631,0,1,168
1862,0.51229500771,0.52663898468,634,0,1,171
1863,0.68442600965,0.36270499229,643,0,1,137
1864,0.25800099969,0.18759299815,849,0,1,556
1865,0.40189498663,0.7043300271,708,0,1,453
1866,0.56557399035,0.18237699568,588,0,1,160
1867,0.43442600965,0.12090200186,616,0,1,183
1868,0.29932001233,0.40799999237,749,0,1,317
1869,0.35519099236,0.82786899805,529,0,1,347
1870,0.42486399412,0.22336100042,530,0,1,349
1871,0.23748500645,0.48257699609,290,0,1,398
1872,0.83469998837,0.26434400678,531,0,1,349
1873,0.3694550097,0.47908699512,1704,0,1,781
1874,0.3167630136,0.24856300652,1718,0,1,761
1875,0.57723897696,0.5751850009,1719,0,1,761
1876,0.64543998241,0.76622897387,1720,0,1,763
1877,0.52382802963,0.47411501408,1725,0,1,764
1878,0.48859301209,0.48479101062,1726,0,1,788
1879,0.08606559783,0.50204902887,533,0,1,348
1880,0.47950801253,0.29713100195,534,0,1,272
1881,0.3565570116,0.60860699415,536,0,1,272
1882,0.32376998663,0.49180299044,537,0,1,272
1883,0.75409799814,0.66188502312,538,0,1,274
1884,0.4803789854,0.53179997206,658,0,1,429
1885,0.46994501352,0.20901599526,625,0,1,146
1886,0.61885201931,0.75,630,0,1,168
1887,0.49397599697,0.52409601212,671,0,1,436
1888,0.49135500193,0.34799998999,887,0,1,573
1889,0.59025001526,0.59683799744,888,0,1,573
1890,0.34562799335,0.1372949928,481,0,1,279
1891,0.70218598843,0.47950801253,589,0,1,160
1892,0.69125699997,0.69672101736,539,0,1,274
1893,0.3265030086,0.54508197308,542,0,1,259
1894,0.53142100573,0.54098302126,546,0,1,260
1895,0.80874300003,0.39139300585,547,0,1,260
1896,0.59289598465,0.24385300279,548,0,1,269
1897,0.4815210104,0.1717710048,332,0,1,413
1898,0.76590001583,0.48917499185,683,0,1,456
1899,0.30852499604,0.49323400855,709,0,1,456
1900,0.60892999172,0.59066301584,335,0,1,429
1901,0.44113698602,0.60690099001,649,0,1,437
1902,0.76092898846,0.45901599526,458,0,1,220
1903,0.47870200872,0.5384849906,333,0,1,415
1904,0.49453601241,0.7807379961,413,0,1,235
1905,0.31935098767,0.32882300019,689,0,1,471
1906,0.51366102695,0.52459001541,635,0,1,171
1907,0.55464500189,0.46516400576,480,0,1,279
1908,0.24590200186,0.1434430033,428,0,1,281
1909,0.58469897509,0.92008197308,468,0,1,230
1910,0.61611998081,0.53893500566,479,0,1,279
1911,0.55327898264,0.50409799814,473,0,1,231
1912,0.43169400096,0.88319700956,418,0,1,228
1913,0.36202201247,0.0983607024,423,0,1,280
1914,0.53688502312,0.71516400576,403,0,1,240
1915,0.44879499078,0.48644599319,2011,0,1,928
1917,0.77868801355,0.67008197308,419,0,1,226
1918,0.61202198267,0.69262301922,412,0,1,235
1919,0.69273000956,0.65020602942,694,0,1,213
1920,0.53500199318,0.57346600294,371,0,1,242
1921,0.36338800192,0.82376998663,378,0,1,243
1922,0.85522401333,0.86417901516,444,0,1,222
1923,0.47404399514,0.92213100195,369,0,1,242
1924,0.69012099504,0.49323400855,742,0,1,456
1925,0.41393399239,0.81762301922,430,0,1,281
1926,0.37295100093,0.73975402117,469,0,1,230
1927,0.20355199277,0.77663999796,407,0,1,236
1928,0.48443800211,0.26183998585,665,0,1,477
1929,0.56694000959,0.16188499331,454,0,1,318
1930,0.26776000857,0.32786899805,471,0,1,230
1931,0.40283200145,0.86100399494,698,0,1,455
1932,0.57513701916,0.60040998459,396,0,1,255
1933,0.58405399323,0.5333750248,1438,0,1,670
1934,0.62073600292,0.7414150238,391,0,1,251
1935,0.75956302881,0.46516400576,420,0,1,227
1936,0.38661199808,0.20081999898,456,0,1,318
1937,0.58656698465,0.30895501375,447,0,1,223
1938,0.47891500592,0.34186801314,1235,0,1,595
1939,0.8022390008,0.75301200151,1236,0,1,595
1940,0.80421698093,0.1749690026,1237,0,1,595
1941,0.6846960187,0.43667599559,1238,0,1,595
1942,0.25136598945,0.53483599424,377,0,1,242
1943,0.77866202593,0.34485599399,682,0,1,472
1944,0.67486399412,0.22745899856,453,0,1,318
1945,0.31830599904,0.50614798069,415,0,1,235
1946,0.69535499811,0.76024597883,411,0,1,235
1947,0.34293600917,0.81687200069,697,0,1,213
1948,0.45628398657,0.19877099991,455,0,1,318
1949,0.44113698602,0.73680597544,737,0,1,475
1950,0.47541001439,0.44057399035,470,0,1,230
1951,0.53825098276,0.48565599322,384,0,1,243
1952,0.54328399897,0.56417900324,426,0,1,221
1953,0.30538898706,0.26796400547,1226,0,1,617
1954,0.27233299613,0.75,448,0,1,317
1955,0.21994499862,0.25614801049,472,0,1,230
1956,0.52388000488,0.80820900202,437,0,1,222
1957,0.49915099144,0.87030899525,459,0,1,220
1958,0.74590200186,0.4692620039,451,0,1,318
1959,0.28942498565,0.59740298986,748,0,1,230
1960,0.38661199808,0.59016400576,388,0,1,252
1961,0.50956302881,0.5307379961,425,0,1,280
1962,0.60245901346,0.65983599424,375,0,1,243
1963,0.54803800583,0.28822699189,660,0,1,431
1964,0.48849800229,0.51759201288,670,0,1,442
1965,0.79644799232,0.11885199696,386,0,1,243
1966,0.24316899478,0.68442600965,421,0,1,227
1967,0.11193999648,0.38955199718,436,0,1,221
1968,0.46974098682,0.79178702831,1468,0,1,711
1969,0.68876200914,0.48270899057,1469,0,1,711
1970,0.5,0.77233397961,1470,0,1,712
1971,0.4789159894,0.39586499333,1485,0,1,704
1972,0.62951797247,0.84789198637,1486,0,1,704
1973,0.28313198686,0.76204800606,1487,0,1,703
1974,0.51506000757,0.82530099154,1488,0,1,705
1975,0.51506102085,0.94573801756,1489,0,1,705
1976,0.16858799756,0.75288200378,1497,0,1,749
1977,0.39337199926,0.77665698528,1498,0,1,749
1978,0.752161026,0.502161026,1499,0,1,749
1979,0.61959600449,0.74855899811,1500,0,1,749
1980,0.48414900899,0.3854469955,1501,0,1,749
1981,0.5337190032,0.26290598512,1502,0,1,706
1982,0.36935099959,0.20665599406,1732,0,1,769
1983,0.45973700285,0.45686098933,1743,0,1,770
1984,0.29527500272,0.73007100821,657,0,1,443
1985,0.57513701916,0.74385201931,402,0,1,240
1986,0.54917997122,0.94876998663,373,0,1,243
1987,0.57263201475,0.7828990221,820,0,1,512
1988,0.90983599424,0.11885199696,387,0,1,243
1989,0.29644799232,0.17418000102,487,0,1,219
1990,0.25819700956,0.78893399239,431,0,1,281
1991,0.49957001209,0.54056698084,826,0,1,507
1992,0.59492897987,0.2560299933,827,0,1,508
1993,0.49350601435,0.41558399796,828,0,1,511
1994,0.77922099829,0.38218900561,829,0,1,513
1995,0.51229500771,0.52663898468,834,0,1,171
1996,0.52292501926,0.81040799618,831,0,1,515
1997,0.45931100845,0.64120197296,679,0,1,471
1998,0.69012200832,0.7449259758,745,0,1,474
1999,0.20491799712,0.8180000186,449,0,1,317
2000,0.50750201941,0.51004600525,832,0,1,514
2001,0.33333298564,0.60686999559,368,0,1,221
2002,0.43852499127,0.4815570116,404,0,1,239
2003,0.21857899427,0.26229500771,464,0,1,225
2004,0.04282420129,0.50999999046,446,0,1,317
2005,0.64617502689,0.27663901448,484,0,1,219
2006,0.62295097113,0.74385297298,478,0,1,279
2007,0.62295097113,0.2315569967,410,0,1,238
2008,0.42213100195,0.32991799712,489,0,1,219
2009,0.57240402699,0.46106499434,452,0,1,318
2010,0.54216897488,0.33735001087,2013,0,1,932
2011,0.62349402905,0.42319300771,2014,0,1,931
2012,0.50107502937,0.53064501286,2031,0,1,918
2013,0.47721999884,0.65712201595,383,0,1,243
2014,0.63524597883,0.21106599271,376,0,1,242
2015,0.280941993,0.3827829957,483,0,1,219
2016,0.47049099207,0.52102798223,693,0,1,458
2017,0.6707649827,0.87704902887,463,0,1,220
2018,0.60519099236,0.32699999213,443,0,1,317
2019,0.39377498627,0.15629200637,656,0,1,432
2020,0.50109100342,0.32616901398,684,0,1,479
2021,0.55751001835,0.49120399356,668,0,1,440
2022,0.4972679913,0.22131200135,466,0,1,225
2023,0.30601099133,0.43032801151,474,0,1,279
2024,0.39480799437,0.79303199053,395,0,1,254
2025,0.45491799712,0.55737698078,392,0,1,253
2026,0.37978100777,0.84016400576,394,0,1,254
2027,0.86065602303,0.46721300483,433,0,1,300
2028,0.33879798651,0.45081999898,408,0,1,237
2029,0.53142100573,0.26229500771,485,0,1,219
2030,0.50566798449,0.70477801561,380,0,1,243
2031,0.59974300861,0.18310000002,663,0,1,477
2032,0.54046702385,0.30041199923,695,0,1,213
2033,0.70765000582,0.27458998561,624,0,1,145
2034,0.31954398751,0.22948199511,417,0,1,235
2035,0.4084700048,0.48770499229,429,0,1,281
2036,0.51826798916,0.47090700269,666,0,1,477
2037,0.52459001541,0.54508197308,390,0,1,250
2038,0.5642079711,0.31147500873,374,0,1,242
2039,0.45820599794,0.56474500895,381,0,1,243
2040,0.31147500873,0.30327901244,422,0,1,229
2041,0.46278700233,0.23748299479,676,0,1,437
2042,0.37841498852,0.70491802692,427,0,1,280
2043,0.53415298462,0.72540998459,467,0,1,230
2044,0.49096399546,0.80421698093,674,0,1,436
2045,0.34972700477,0.57582002878,409,0,1,238
2046,0.49500900507,0.18000000715,445,0,1,317
2047,0.55601102114,0.67008197308,370,0,1,242
2048,0.55327898264,0.69262301922,389,0,1,251
2049,0.49968999624,0.19109399617,816,0,1,509
2050,0.18944500387,0.51556199789,687,0,1,472
2051,0.26793000102,0.73680698872,743,0,1,475
2052,0.36475399137,0.65163898468,379,0,1,243
2053,0.60595798492,0.37334999442,814,0,1,504
2054,0.34632000327,0.5899810195,817,0,1,513
2055,0.71119302511,0.33951699734,818,0,1,512
2056,0.26839700341,0.78749799728,819,0,1,509
2057,0.19125699997,0.39549198747,476,0,1,279
2058,0.53961700201,0.84426301718,393,0,1,254
2059,0.65257102251,0.73546600342,850,0,1,562
2060,0.2195969969,0.31166899204,901,0,1,301
2061,0.35546800494,0.48235300183,857,119609,1,554
2062,0.4254359901,0.62209701538,858,119609,1,554
2063,0.41956999898,0.45259898901,852,0,1,557
2064,0.42486101389,0.4842120111,859,119609,1,554
2065,0.35794600844,0.62733399868,860,119609,1,554
2066,0.47516700625,0.60945701599,856,0,1,560
2067,0.55015802383,0.18126100302,861,119609,1,554
2068,0.77203398943,0.29689800739,881,0,1,559
2069,0.26482200623,0.55928897858,893,0,1,573
2070,0.4165430069,0.42392900586,846,0,1,563
2071,0.68340700865,0.3530279994,853,0,1,566
2072,0.87232798338,0.41082900763,895,0,1,301
2073,0.80733597279,0.51718002558,896,0,1,301
2074,0.57493901253,0.30595499277,899,0,1,301
2075,0.08939670026,0.54839897156,900,0,1,301
2076,0.6334400177,0.38585200906,965,0,1,601
2077,0.52411597967,0.61254101992,966,0,1,601
2078,0.42765301466,0.81993597746,967,0,1,601
2079,0.51125401258,0.27491998672,968,0,1,602
2080,0.45508998632,0.58233499527,1141,0,1,300
2081,0.58982002735,0.34281501174,1142,0,1,300
2082,0.34531000257,0.66467100382,1143,0,1,300
2083,0,0,1144,0,1,319
2084,0,0,1145,0,1,319
2085,0.43013998866,0.62724602222,1146,0,1,300
2086,0.46139699221,0.22035199404,1147,0,1,599
2087,0.55104899406,0.36377000809,1148,0,1,613
2088,0.37824499607,0.65451198816,1153,0,1,613
2089,0.4849140048,0.34548801184,959,0,1,600
2090,0.5784919858,0.55067998171,971,0,1,610
2091,0.66308200359,0.72177398205,1122,0,1,599
2092,0.19533999264,0.76881700754,1123,0,1,596
2093,0.54758900404,0.57663798332,1128,0,1,612
2094,0.08649589866,0.5105419755,1133,0,1,609
2095,0.71385502815,0.57831299305,1138,0,1,606
2096,0.52242702246,0.51055401564,1139,0,1,574
2097,0.398416996,0.51451200247,1140,0,1,575
2098,0.49876400828,0.18294200301,1391,0,1,666
2099,0.60969501734,0.45025500655,1426,0,1,661
2100,0.59517902136,0.52966600657,1427,0,1,668
2101,0.483931005,0.5074160099,1447,0,1,667
2102,0.49698799849,0.33579900861,1225,0,1,593
2103,0.6109290123,0.59120899439,1653,0,1,752
2104,0.72497498989,0.56164199114,1512,0,1,708
2105,0.50650900602,0.31603899598,1830,0,1,808
2106,0.6569839716,0.23300300539,1207,0,1,620
2107,0.55809599161,0.3590849936,1208,0,1,620
2108,0.59765100479,0.12388300151,1209,0,1,620
2109,0.45010000467,0.82185697556,1210,0,1,621
2110,0.47005999088,0.85928201675,1211,0,1,543
2111,0.8234770298,0.28360199928,1203,0,1,596
2112,0.7078319788,0.3328320086,1216,0,1,593
2113,0.37428200245,0.45316401124,1672,0,1,756
2114,0.52224999666,0.45179200172,1392,0,1,664
2115,0.51151400805,0.52737301588,1618,0,1,172
2116,0.46371299028,0.4054799974,1619,0,1,172
2117,0.42833998799,0.52737301588,1620,0,1,172
2118,0.42833998799,0.52737301588,1621,0,1,172
2119,0.46371299028,0.64926600456,1622,0,1,172
2120,0.53254598379,0.35528901219,1623,0,1,173
2121,0.39105498791,0.5933380127,1624,0,1,186
2122,0.39105498791,0.86997997761,1625,0,1,186
2123,0.21992699802,0.5501909852,1626,0,1,187
2124,0.69050002098,0.5501909852,1627,0,1,187
2125,0.51542198658,0.21605999768,1628,0,1,188
2126,0.19897800684,0.65487402678,1629,0,1,190
2127,0.19897800684,0.41825899482,1630,0,1,190
2128,0.13110099733,0.53298199177,1631,0,1,190
2129,0.5201600194,0.14149099588,1632,0,1,190
2130,0.51159900427,0.43546700478,1633,0,1,191
2131,0.76681399345,0.73667800426,1634,0,1,190
2132,0.36632499099,0.23189799488,1635,0,1,189
2133,0.49929600954,0.52874302864,1636,0,1,192
2134,0.49330800772,0.38671201468,1637,0,1,147
2135,0.38336500525,0.26625299454,1638,0,1,147
2136,0.54584598541,0.26481899619,1639,0,1,147
2137,0.4886110127,0.14149199426,1640,0,1,147
2138,0.15695500374,0.56440597773,1641,0,1,148
2139,0.3720600009,0.13358099759,1642,0,1,148
2140,0.51259499788,0.57157498598,1643,0,1,149
2141,0.6703799963,0.63897401094,1644,0,1,149
2142,0.72200500965,0.48553299904,1645,0,1,149
2143,0.5336689949,0.22884100676,1646,0,1,149
2144,0.43619599938,0.41239699721,1647,0,1,151
2145,0.56712800264,0.60299700499,1648,0,1,150
2146,0.68376302719,0.3993639946,1649,0,1,150
2147,0.79283297062,0.45822200179,1650,54460,1,148
2148,0.67237001657,0.3098860085,1651,0,1,248
2149,0.49135398865,0.53578799963,1652,0,1,200
2150,0.3314320147,0.61406797171,1744,0,1,779
2151,0.65060198307,0.5105419755,1163,0,1,609
2152,0.42787599564,0.46198800206,1783,0,1,449
2153,0.28922200203,0.33639800549,1185,0,1,593
2154,0.49897998571,0.67959100008,1186,0,1,593
2155,0.47401499748,0.76747298241,1155,0,1,596
2156,0.33087599277,0.48533400893,1521,0,1,232
2157,0.31509399414,0.68962299824,1522,0,1,232
2158,0.55840599537,0.85261702538,1523,0,1,232
2159,0.52392601967,0.77631998062,1524,0,1,232
2160,0.82830202579,0.82547199726,1525,0,1,232
2161,0.68867999315,0.57641601563,1526,0,1,232
2162,0.84150999784,0.65283101797,1527,0,1,232
2163,0.56226497889,0.53396302462,1528,0,1,232
2164,0.78891801834,0.73614799976,1168,0,1,574
2165,0.47106099129,0.21539799869,1452,0,1,534
2166,0.41928499937,0.60243797302,1529,0,1,287
2167,0.45967701077,0.53494602442,1154,0,1,597
2168,0.77115899324,0.2325399965,1664,0,1,754
2169,0.33281901479,0.27537098527,1530,0,1,287
2170,0.50575101376,0.61747598648,1531,0,1,289
2171,0.46439799666,0.42950698733,1532,0,1,289
2172,0.34911000729,0.20958299935,1533,0,1,289
2173,0.35537600517,0.37123700976,1534,0,1,290
2174,0.39422300458,0.72649997473,1535,0,1,290
2175,0.70374602079,0.72461998463,1536,0,1,290
2176,0.56350702047,0.35743400455,1537,0,1,247
2177,0.58402001858,0.49127998948,1538,0,1,247
2178,0.32863500714,0.36051100492,1539,0,1,247
2179,0.69786602259,0.62051099539,1540,0,1,247
2180,0.6168410182,0.90512597561,1541,0,1,247
2181,0.42914900184,0.69589501619,1542,0,1,247
2182,0.45786601305,0.5220490098,1543,0,1,320
2183,0.44555899501,0.33589598536,1544,0,1,319
2184,0.62299501896,0.21897299588,1545,0,1,319
2185,0.4353030026,0.5035880208,1546,0,1,319
2186,0.28453299403,0.49743399024,1547,0,1,319
2187,0.72145599127,0.17897300422,1548,0,1,319
2188,0.60658401251,0.69743400812,1549,0,1,319
2189,0.30196899176,0.81897199154,1550,0,1,319
2190,0.57068699598,0.62512600422,1551,0,1,321
2191,0.59640902281,0.28769299388,1552,0,1,350
2192,0.45281898975,0.82615399361,1553,0,1,350
2193,0.27127999067,0.63538497686,1554,0,1,352
2194,0.83438402414,0.50004202127,1555,0,1,353
2195,0.18102300167,0.35076999664,1556,0,1,353
2196,0.49486899376,0.36615499854,1557,0,1,358
2197,0.71640700102,0.26000100374,1559,0,1,359
2198,0.52563798428,0.69692397118,1560,0,1,360
2199,0.35948398709,0.41846200824,1561,0,1,362
2200,0.35948398709,0.61692297459,1562,0,1,363
2201,0.51435601711,0.30923101306,1563,0,1,366
2202,0.55025500059,0.57076901197,1564,0,1,330
2203,0.19948600233,0.28307700157,1565,0,1,330
2204,0.69179499149,0.74307698011,1566,0,1,331
2205,0.36359000206,0.84769201279,1567,0,1,332
2206,0.40256398916,0.58153802156,1568,0,1,332
2207,0.41794899106,0.25538501143,1569,0,1,332
2208,0.50410300493,0.17692400515,1570,0,1,332
2209,0.59640997648,0.26000100374,1571,0,1,332
2210,0.72256302834,0.58923101425,1572,0,1,332
2211,0.50102597475,0.58769202232,1573,0,1,334
2212,0.26407501101,0.49068599939,1574,0,1,334
2213,0.74000000954,0.48923000693,1575,0,1,334
2214,0.50099897385,0.13846099377,1576,0,1,334
2215,0.12769199908,0.63384598494,1577,0,1,329
2216,0.08564069867,0.6815379858,1578,0,1,329
2217,0.42410299182,0.35846099257,1579,0,1,329
2218,0.3574360013,0.3784610033,1580,0,1,329
2219,0.77281999588,0.28307598829,1581,0,1,329
2220,0.43948701024,0.18765099347,1582,0,1,340
2221,0.66307598352,0.47384598851,1583,0,1,339
2222,0.409743011,0.88923001289,1584,0,1,341
2223,0.3943580091,0.11846099794,1585,0,1,343
2224,0.53999900818,0.47692200541,1586,0,1,342
2225,0.61384397745,0.85076802969,1587,0,1,342
2226,0.67538297176,0.36769101024,1588,0,1,344
2227,0.47333198786,0.43845999241,1589,0,1,345
2228,0.52769100666,0.70461297035,1590,0,1,346
2229,0.30615401268,0.51076900959,1591,0,1,335
2230,0.65897297859,0.86461502314,1592,0,1,335
2231,0.72769099474,0.82615298033,1593,0,1,335
2232,0.64156597853,0.32100000978,1594,0,1,335
2233,0.46718001366,0.23846200109,1595,0,1,336
2234,0.46000000834,0.61692297459,1596,0,1,336
2235,0.49334999919,0.16873799264,1597,0,1,156
2236,0.62719297409,0.5530589819,1598,0,1,156
2237,0.3632889986,0.55162501335,1599,0,1,156
2238,0.62715101242,0.36376699805,1600,0,1,156
2239,0.30692499876,0.46988499165,1601,0,1,163
2240,0.44172498584,0.36089900136,1602,0,1,163
2241,0.68646597862,0.15296399593,1603,0,1,163
2242,0.34612199664,0.56453102827,1604,0,1,165
2243,0.49817198515,0.45697799325,1605,0,1,165
2244,0.76016497612,0.28352299333,1606,0,1,165
2245,0.42746898532,0.45990899205,1607,0,1,164
2246,0.6750779748,0.596141994,1608,0,1,164
2247,0.30127298832,0.76822501421,1609,0,1,164
2248,0.54119199514,0.4168869853,1610,0,1,162
2249,0.61576199532,0.53154700994,1611,0,1,162
2250,0.4629240036,0.43827199936,1612,0,1,162
2251,0.26585701108,0.14579200745,1613,0,1,162
2252,0.56513297558,0.67501401901,1614,0,1,167
2253,0.36532399058,0.22329300642,1615,0,1,167
2254,0.50573599339,0.47705501318,1616,0,1,155
2255,0.38432100415,0.49856600165,1617,0,1,141
2256,0.4784539938,0.29847899079,1667,0,1,786
2257,0.40634000301,0.41570600867,1688,0,1,732
2258,0.66824197769,0.25597700477,1696,0,1,732
2259,0.30979800224,0.5648419857,1702,0,1,732
2260,0.55323201418,0.50190097094,1703,0,1,777
2261,0.32263499498,0.60963702202,1706,0,1,764
2262,0.37186399102,0.82392400503,1202,0,1,597
2263,0.57780998945,0.53674399853,1492,0,1,713
2264,0.48284998536,0.47097700834,1160,0,1,576
2265,0.39336898923,0.20564499497,1161,0,1,597
2266,0.33243700862,0.43145099282,1162,0,1,596
2267,0.54610997438,0.68371802568,1480,0,1,713
2268,0.39021998644,0.38772499561,1227,0,1,617
2269,0.48502999544,0.24550999701,1228,0,1,618
2270,0.46007999778,0.4625749886,1229,0,1,618
2271,0.15070000291,0.48502999544,1234,0,1,618
2272,0.39156600833,0.61445701122,1518,0,1,751
2273,0.37020999193,0.748454988,1195,0,1,610
2274,0.5086529851,0.16440099478,1196,0,1,610
2275,0.45302799344,0.75216299295,1197,0,1,615
2276,0.31393098831,0.4039709866,1673,0,1,731
2277,0.29357200861,0.51483297348,1394,0,1,668
2278,0.45965400338,0.5,1490,0,1,713
2279,0.68299800158,0.51296800375,1491,0,1,713
2280,0.47106099129,0.78456801176,1262,0,1,542
2281,0.65478599072,0.47099098563,1662,0,1,731
2282,0.7415779829,0.92029798031,1713,0,1,766
2283,0.48352301121,0.48289000988,1738,0,1,780
2284,0.51236099005,0.33498099446,1396,0,1,665
2285,0.51077699661,0.48012501001,1395,0,1,669
2286,0.45390200615,0.55589199066,1665,0,1,731
2287,0.74063497782,0.46037501097,1686,0,1,732
2288,0.34149900079,0.27737700939,1693,0,1,732
2289,0.5,0.5,1795,0,1,449
2290,0.1708510071,0.70068800449,1687,0,1,731
2291,0.24324600399,0.61034798622,1654,0,1,733
2292,0.43632900715,0.45472800732,1655,0,1,733
2293,0.41536599398,0.19802799821,1731,0,1,764
2294,0.53094798326,0.56489497423,1214,0,1,620
2295,0.44128298759,0.39920699596,1291,0,1,543
2296,0.65823197365,0.46121200919,1656,0,1,733
2297,0.81240999699,0.85674500465,1657,0,1,733
2298,0.40111199021,0.76143401861,1433,0,1,666
2299,0.43367400765,0.5057399869,1425,0,1,661
2300,0.09431129694,0.56164097786,1663,0,1,708
2301,0.29342898726,0.35050600767,1749,0,1,449
2302,0.49529701471,0.5198469758,1737,0,1,772
2303,0.67579299212,0.68587899208,1694,0,1,732
2304,0.60012698174,0.33460101485,1750,0,1,787
2305,0.51399201155,0.17586499453,1711,0,1,732
2306,0.45009601116,0.18153700233,1697,0,1,732
2307,0.47262299061,0.49351599813,1695,0,1,711
2308,0.43510401249,0.66371798515,1769,0,1,449
2309,0.39400199056,0.39646700025,1751,0,1,766
2310,0.69063299894,0.26705101132,1756,0,1,449
2311,0.56327098608,0.41742101312,1763,0,1,449
2312,0.35948398709,0.61692297459,1764,0,1,363
2313,0.56637197733,0.6747789979,1774,0,1,449
2314,0.65858697891,0.34470099211,1761,0,1,767
2315,0.26499599218,0.63927799463,1762,0,1,768
2316,0.45316401124,0.82785701752,1835,0,1,809
2317,0.42769101262,0.45563098788,1770,0,1,449
2318,0.36404898763,0.48778501153,1789,0,1,449
2319,0.31530499458,0.66659200191,1790,0,1,449
2320,0.83607298136,0.5,1825,0,1,812
2321,0.49430900812,0.53166002035,1796,0,1,449
2322,0.50111800432,0.1661079973,1981,0,1,903
2323,0.55273902416,0.43914800882,1905,0,1,846
2324,0.5,0.5,1884,0,1,759
2325,0.88011598587,0.3092109859,1885,0,1,449
2326,0.45973700285,0.45686098933,1872,0,1,770
2327,0.24608500302,0.72651302814,1979,0,1,903
2328,0.40107500553,0.59193497896,2025,0,1,913
2329,0.5,0.5,2051,0,1,759
2330,0.17461000383,0.39153701067,1827,0,1,812
2332,0.60964900255,0.61184197664,1956,0,1,449
2333,0.3215059936,0.52741897106,1986,0,1,915
2334,0.48603099585,0.70583498478,1836,0,1,817
2335,0.56984502077,0.53081399202,1818,0,1,819
2336,0.4354839921,0.51129001379,1985,0,1,911
2337,0.50498998165,0.18825399876,1873,0,1,854
2338,0.41290301085,0.53548401594,1987,0,1,909
2339,0.51643401384,0.81676697731,1819,0,1,807
2340,0.17789700627,0.3077250123,1820,0,1,812
2341,0.30536898971,0.36745101213,1980,0,1,903
2342,0.2419359982,0.54032301903,1984,0,1,917
2343,0.5189999938,0.57249999046,1903,0,1,852
2344,0.44995999336,0.16249999404,1867,0,1,850
2345,0.4588649869,0.69893097878,1856,0,1,851
2346,0.52839702368,0.23022300005,1878,0,1,849
2347,0.53198701143,0.53636598587,1838,0,1,822
2348,0.62192100286,0.3322159946,1982,0,1,903
2349,0.5,0.5,1883,0,1,759
2350,0.80038499832,0.49937400222,2004,0,1,914
2351,0.17789700627,0.35086300969,1826,0,1,812
2352,0.72755199671,0.58739501238,1992,0,1,909
2353,0.58793002367,0.20204399526,1896,0,1,852
2354,0.72793501616,0.44578298926,1898,0,1,856
2355,0.59620302916,0.65347802639,2010,0,1,929
2356,0.51620602608,0.81301897764,1983,0,1,916
2357,0.41182801127,0.46612900496,1997,0,1,910
2358,0.52434098721,0.58519297838,1906,0,1,847
2359,0.27127999067,0.63908302784,1837,0,1,811
2360,0.50249999762,0.26506099105,1897,0,1,853
2361,0.17634400725,0.5016130209,2009,0,1,914
2362,0.7322729826,0.47034201026,1817,0,1,818
2363,0.45100000501,0.56699997187,1862,0,1,850
2364,0.35954600573,0.23863099515,1829,0,1,808
2365,0.52298802137,0.46348899603,1904,0,1,849
2366,0.8477640152,0.8607339859,1861,0,1,851
2367,0.17311799526,0.52207201719,2015,0,1,927
2368,0.5529999733,0.125,2036,0,1,934
2369,0.34939700365,0.48644599319,2030,0,1,934
2423,0.15296800435,0.18493199348,1997,0,0,909
2426,0.71221202612,0.58408397436,2102,0,1,936
2427,0.36386400461,0.35585600138,2095,0,1,936
2428,0.2917920053,0.64414399862,2094,0,1,936
2429,0.44995000958,0.60810798407,2093,0,1,936
2436,0.5529999733,0.82999998331,2082,0,1,934
2437,0.37000000477,0.58999997377,2083,0,1,935
2451,0.64824199677,0.2904419899,2130,0,1,1041
2452,0.7298129797,0.53416198492,2131,0,1,1041
2499,0.51032501459,0.51869100332,2097,0,1,974
2500,0.37364000082,0.68457901478,2098,0,1,977
2501,0.5206490159,0.86915802956,2099,0,1,979
2502,0.40265500546,0.68457901478,2096,0,1,980
2503,0.51499998569,0.20000000298,2126,0,1,1015
2505,0.3039470017,0.69230902195,2125,0,1,1015
2506,0.51436501741,0.25856000185,2128,0,1,1018
2507,0.67572301626,0.42820501328,2127,0,1,1015
2526,0.42769101262,0.45563098788,2212,0,1,449
2527,0.42769101262,0.45563098788,2213,0,1,449
2528,0.45776900649,0.47583600879,2109,0,1,1010
2529,0.29579201341,0.25278800726,2114,0,1,1010
2530,0.55981600285,0.19888499379,2115,0,1,1010
2531,0.68950200081,0.37732198834,2116,0,1,1010
2628,0.13855299354,0.48224899173,2172,0,1,1004
2629,0.80723100901,0.68595397472,2165,0,1,1004
2630,0.43674701452,0.79202699661,2170,0,1,1004
2631,0.54518097639,0.24067899585,2171,0,1,1004
2639,0.3524119854,0.41925498843,2158,0,1,1042
2641,0.40243801475,0.53726601601,2155,0,1,1040
2643,0.69512301683,0.35403698683,2156,0,1,1040
2644,0.68637299538,0.7950310111,2142,0,1,1038
2645,0.37836799026,0.23771899939,2145,0,1,1043
2646,0.45113798976,0.3012419939,2144,0,1,1038
2647,0.42982700467,0.5124220252,2143,0,1,1038
2648,0.4795230031,0.52046501637,2157,0,1,1041
2650,0.4653069973,0.40683200955,2153,0,1,1039
2651,0.2467789948,0.39751499891,2154,0,1,1039
2671,0.65435099602,0.48616600037,2146,0,1,1153
2672,0.51724100113,0.2233210057,2147,0,1,1155
2673,0.52551501989,0.30829998851,2166,0,1,1152
2674,0.50739002228,0.43675899506,2167,0,1,1149
2675,0.52480602264,0.30039599538,2168,0,1,1148
2676,0.38177400827,0.50988101959,2169,0,1,1151
2678,0.51724100113,0.84980297089,2194,0,1,1155
2679,0.50999999046,0.53200000525,2195,0,1,1154
2715,0.57766801119,0.2888199985,2132,924,1,1162
2716,0.54756700993,0.60248500109,2173,0,1,1162
2717,0.4790700078,0.78163802624,2134,0,1,1162
2718,0.57673102617,0.28882101178,2133,923,1,1162
2719,0.52484601736,0.92546498775,2140,0,1,1162
2731,0.57479000092,0.25494098663,2129,0,1,1029
2742,0.4754050076,0.67542999983,2330,0,1,1354
2743,0.49430200458,0.31766301394,2334,67521,1,1352
2744,0.49311101437,0.94159400463,2337,67521,1,1352
2745,0.42212700844,0.51424497366,2342,0,1,1353
2746,0.65391802788,0.23713800311,2343,0,1,1364
2747,0.47321599722,0.57407397032,2335,0,1,1357
2748,0.41501298547,0.63675099611,2325,923,1,1358
2749,0.49430200458,0.31196498871,2340,67523,1,1352
2750,0.49330401421,0.52100497484,2323,67523,1,1352
2751,0.49430200458,0.69972002506,2344,67523,1,1352
2752,0.29557999969,0.37749299407,2333,923,1,1358
2753,0.48969900608,0.66374498606,2341,923,1,1358
2755,0.50628900528,0.37421399355,2328,0,1,1345
2756,0.26729598641,0.53773599863,2332,0,1,1346
2758,0.21285699308,0.65053999424,2331,0,1,1497
2759,0.65359699726,0.48641899228,2348,0,1,1497
2760,0.45783099532,0.38704800606,2339,0,1,1494
2761,0.28011998534,0.70780497789,2336,0,1,1491
2762,0.66393601894,0.6491060257,2358,0,1,1490
2764,0.56375598907,0.59771299362,2355,0,1,1490
2765,0.60949397087,0.40228700638,2360,0,1,1490
2766,0.58016598225,0.27338901162,2357,0,1,1490
2768,0.5,0.48401799798,2352,0,1,1512
2769,0.35692599416,0.19863000512,2347,0,1,1514
2770,0.47108098865,0.1917809993,2353,0,1,1513
2771,0.47716900706,0.6826480031,2354,0,1,1513
2772,0.74961900711,0.47488600016,2351,0,1,1517
2773,0.48173499107,0.51826500893,2361,0,1,1520
2774,0.33713901043,0.47945201397,2359,0,1,1518
2775,0.17732100189,0.51141601801,2349,0,1,1519
2777,0.6422970295,0.6813570261,2364,0,1,1591
2779,0.4809319973,0.6719610095,2366,0,1,1597
2781,0.3273459971,0.57290297747,2373,0,1,1595
2785,0.1924020052,0.60845500231,2365,0,1,1581
2786,0.83578401804,0.61213099957,2369,0,1,1581
2787,0.51103001833,0.80330699682,2368,0,1,1581
2788,0.50367701054,0.53860300779,2372,0,1,1590
2789,0.40441098809,0.38786798716,2364,0,0,1582
2790,0.32965600491,0.30882298946,2372,0,0,1582
2791,0.53431397676,0.45772099495,2377,0,1,1592
2793,0.73529398441,0.51838201284,2377,0,0,1582
2794,0.32965600491,0.50919097662,2370,0,1,1593
2795,0.64828401804,0.52941101789,2370,0,0,1582
2796,0.53063797951,0.74816101789,2367,0,1,1594
2797,0.48161798716,0.26102900505,2375,0,1,1597
2798,0.52818602324,0.23713199794,2368,0,0,1580
2799,0.48774498701,0.31801500916,2374,0,1,1596
2807,0.57008898258,0.39556598663,2395,0,1,1666
2808,0.61976099014,0.44012001157,2403,0,1,1674
2809,0.51083797216,0.43824601173,2396,0,1,1668
2810,0.52495098114,0.78443199396,2404,0,1,1697
2811,0.50498998165,0.21556900442,2419,0,1,1674
2812,0.55488997698,0.75449097157,2423,0,1,1674
2816,0.50804597139,0.5775859952,2410,0,1,1680
2817,0.83448201418,0.57930999994,2398,0,1,1677
2818,0.25287398696,0.48448300362,2408,0,1,1679
2819,0.48390799761,0.66896498203,2409,0,1,1678
2820,0.56044900417,0.18134699762,2388,0,1,1675
2821,0.56217598915,0.69948202372,2421,0,1,1676
2822,0.47754698992,0.86010402441,2415,0,1,1675
2823,0.15803100169,0.17357499897,2407,0,1,1676
2824,0.5296689868,0.53414297104,2406,0,1,1663
2825,0.26605600119,0.54101598263,2387,0,1,1663
2826,0.21248500049,0.50171798468,2411,0,1,1664
2827,0.14261199534,0.48797300458,2413,0,1,1665
2829,0.75585001707,0.18740299344,2400,0,1,1669
2830,0.47479900718,0.48625400662,2402,0,1,1669
2831,0.15406599641,0.74570500851,2405,0,1,1669
2832,0.43670400977,0.57088899612,2399,0,1,1693
2833,0.6363120079,0.44845399261,2416,0,1,1693
2834,0.53089398146,0.38293999434,2414,0,1,1694
2835,0.45589900017,0.62886601686,2412,0,1,1695
2836,0.20561300218,0.40378001332,2391,0,1,1666
2837,0.50916397572,0.35567000508,2392,0,1,1667
2838,0.50498998165,0.52095800638,2397,0,1,1683
2839,0.69473099709,0.63573902845,2401,0,1,1687
2840,0.52634602785,0.76632297039,2390,0,1,1684
2841,0.71390998363,0.68706297874,2389,0,1,1685
2842,0.46678099036,0.36254298687,2417,0,1,1683
2845,0.5293610096,0.74611401558,2422,0,1,1746
2846,0.6761649847,0.49481898546,2429,0,1,1735
2847,0.35837700963,0.34714999795,2428,0,1,1735
2848,0.59326398373,0.81088101864,2393,0,1,1735
2849,0.70226401091,0.81548798084,2394,0,1,1735
2850,0.26338499784,0.5181350112,2425,0,1,1747
2851,0.70207202435,0.54663199186,2426,0,1,1750
2852,0.6537129879,0.23575100303,2418,0,1,1745
2853,0.52590698004,0.52331602573,2424,0,1,1747
2854,0.49136400223,0.53367900848,2424,0,0,1748
2855,0.36355799437,0.44300499558,2420,0,1,1744
2857,0.3855420053,0.39156600833,2436,0,1,1989
2858,0.75259399414,0.44143301249,2437,0,1,1989
2860,0.47834399343,0.74405097961,2454,0,1,1989
2862,0.3644579947,0.15210799873,2452,0,1,1989
2864,0.48197001219,0.66198402643,2449,0,1,1996
2866,0.55734699965,0.67921197414,2454,0,0,1990
2867,0.08818349987,0.54211902618,2455,0,1,1989
2868,0.34491398931,0.53172200918,2455,0,0,1993
2869,0.33666598797,0.54468697309,2451,0,1,1989
2870,0.43072301149,0.3644579947,2452,0,0,1992
2871,0.58433800936,0.34638598561,2436,0,0,1991
2872,0.59036201239,0.42319300771,2448,0,0,1997
2873,0.48326599598,0.18484100699,2448,0,1,1995
2875,0.57488000393,0.70289897919,2447,0,1,2001
2876,0.64285802841,0.1579670012,2446,0,1,2001
2877,0.2967030108,0.5223479867,2440,0,1,2001
2878,0.66300398111,0.29657998681,2443,0,1,2000
2879,0.88827902079,0.35689601302,2444,0,1,2000
2880,0.53488099575,0.71565997601,2445,0,1,2000
2881,0.46711501479,0.94230800867,2442,0,1,1999
2883,0.51664799452,0.53134697676,2441,0,1,2002
2884,0.42216101289,0.19267700613,2439,0,1,1999
2885,0.5449540019,0.49300900102,2435,0,1,1998
2892,0.40537500381,0.5185109973,2469,0,1,2050
2895,0.59564101696,0.47275999188,2457,0,1,2052
2896,0.3765130043,0.49636799097,2467,0,1,2052
2897,0.14406700432,0.69612497091,2465,0,1,2061
2898,0.52179098129,0.43280899525,2459,0,1,2048
2899,0.44309899211,0.77602797747,2463,0,1,2061
2900,0.39467400312,0.44370499253,2470,0,1,2061
2901,0.6440680027,0.22397099435,2461,0,1,2049
2902,0.50484502316,0.47435501218,2464,0,1,2051
2903,0.32566601038,0.70338898897,2460,0,1,2049
2904,0.53268802166,0.51997601986,2458,0,1,2047
2907,0.35102000833,0.38775500655,2477,0,1,2093
2908,0.32823100686,0.69642800093,2478,0,1,2093
2909,0.5343490243,0.77040797472,2497,0,1,2093
2910,0.72142297029,0.51275497675,2498,0,1,2093
2912,0.78363597393,0.85636299849,2475,0,1,2071
2913,0.59454500675,0.63999998569,2487,0,1,2071
2914,0.30606099963,0.70545399189,2484,0,1,2071
2915,0.21515199542,0.25636398792,2476,0,1,2071
2916,0.4042429924,0.26909101009,2479,0,1,2072
2921,0.37257298827,0.5400480032,2492,0,1,2073
2922,0.58932799101,0.81626600027,2473,0,1,2096
2923,0.33859199286,0.65655297041,2489,0,1,2081
2924,0.43190398812,0.6656550169,2490,0,1,2080
2925,0.66855400801,0.63632500172,2494,0,1,2080
2926,0.52170902491,0.86933499575,2501,0,1,2080
2930,0.59036201239,0.29668799043,2472,0,1,2096
2931,0.61407798529,0.38895601034,2488,0,1,2095
2932,0.40048599243,0.42718499899,2485,0,1,2094
2933,0.2075240016,0.18143199384,2503,0,1,2094
2935,0.35679700971,0.52548497915,2483,0,1,2076
2936,0.76035499573,0.55279099941,2505,0,1,2075
2937,0.52305799723,0.52548497915,2508,0,1,2077
2938,0.36030098796,0.4057469964,2471,0,1,2096
2939,0.53276699781,0.49818000197,2474,0,1,2106
2952,0.61768400669,0.60620498657,2514,0,1,2099
2955,0.6164649725,0.35341399908,2504,0,1,2082
2956,0.5401610136,0.85742998123,2507,0,1,2083
2957,0.3112449944,0.81726902723,2510,0,1,2083
2958,0.42904898524,0.47590398788,2511,0,1,2083
2959,0.30357700586,0.35743001103,2509,0,1,2097
2960,0.56328302622,0.417670995,2512,0,1,2097
2961,0.4678710103,0.36947798729,2495,0,1,2098
2964,0.57228899002,0.20783099532,2480,0,1,2119
2965,0.43574300408,0.70481997728,2486,0,1,2120
2966,0.56024098396,0.51506000757,2502,0,1,2121
2967,0.21686699986,0.75903701782,2500,0,1,2122
2968,0.28714901209,0.35843300819,2482,0,1,2122
2969,0.51003998518,0.5210840106,2493,0,1,2126
2970,0.55622500181,0.60843402147,2499,0,1,2125
2971,0.51405602694,0.50903600454,2491,0,1,2124
3009,0.51318001747,0.72240400314,2522,0,1,2166
3010,0.4901149869,0.71251899004,2520,0,1,2170
3011,0.50823700428,0.28500801325,2523,0,1,2169
3012,0.42586499453,0.35420098901,2524,0,1,2168
3013,0.67463099957,0.21828700602,2525,0,1,2166
3014,0.51318001747,0.46787500381,2527,0,1,2166
3015,0.44398701191,0.63591402769,2529,0,1,2167
3016,0.35008299351,0.2306420058,2530,0,1,2166
3017,0.51318001747,0.24546900392,2532,0,1,2166
3032,0.50788897276,0.56508898735,2538,0,1,2194
3033,0.50493097305,0.54289901257,2533,0,1,2197
3034,0.48816600442,0.53994101286,2536,0,1,2196
3035,0.67554199696,0.58579897881,2528,0,1,2191
3036,0.35996100307,0.35503000021,2535,0,1,2194
3037,0.45167699456,0.78402400017,2537,0,1,2194
3038,0.42110401392,0.46153900027,2526,0,1,2195
3039,0.57692301273,0.66124302149,2521,0,1,2190
3040,0.50394499302,0.5473369956,2534,0,1,2197
3047,0.50948500633,0.40040698647,2564,0,1,2232
3048,0.50813001394,0.2560980022,2554,0,1,2232
3049,0.55013501644,0.58943098783,2557,0,1,2244
3050,0.36720898747,0.31910601258,2553,0,1,2244
3051,0.433604002,0.61178898811,2555,0,1,2240
3052,0.62194997072,0.31097599864,2556,0,1,2240
3053,0.50406497717,0.33536601067,2563,0,1,2233
3055,0.38346800208,0.88414502144,2565,0,1,2234
3057,0.50135499239,0.52642297745,2565,0,0,2237
3058,0.56639498472,0.53251999617,2519,0,1,2238
3074,0.22490000725,0.20481899381,2569,0,1,2303
3075,0.41566300392,0.41264998913,2559,0,1,2303
3076,0.41566300392,0.86600899696,2560,0,1,2303
3077,0.81827402115,0.74849402905,2561,120175,1,2303
3078,0.22490000725,0.43072199821,2561,120176,0,2303
3083,0.36526969075,0.61227548122,2613,54459,1,291
3097,0.40518978238,0.68712580204,2617,0,1,293
3099,0.68910998106,0.16458399594,2618,0,1,293
3101,0.8562617898,0.74700605869,2619,0,1,293
3103,0.36526969075,0.61227548122,2624,54460,1,291
3105,0.50199604034,0.86826360226,2623,54460,1,291
3107,0.12475066632,0.75898206234,2622,54460,1,292
3109,0.60479086637,0.38772451878,2621,54460,1,292
3111,0.60479086637,0.45508980751,2620,54460,1,292
3113,0.52743500471,0.76337397099,2588,0,1,2335
3114,0.41320300102,0.23662599921,2587,0,1,2335
3115,0.44512999058,0.52132201195,2586,0,1,2335
3116,0.54938298464,0.52880698442,2589,0,1,2335
3119,0.53235900402,0.3879069984,2607,0,1,2292
3120,0.435510993,0.69269901514,2611,0,1,2291
3121,0.59050601721,0.30101600289,2599,0,1,2293
3122,0.39452400804,0.59533500671,2609,0,1,2292
3123,0.55409002304,0.76977801323,2612,0,1,2294
3124,0.24726000428,0.47314500809,2601,0,1,2294
3125,0.47799998522,0.54602497816,2602,0,1,2295
3126,0.40711298585,0.52902597189,2608,0,1,2294
3128,0.50199598074,0.86826401949,2626,54459,1,291
3130,0.51499998569,0.30000001192,2627,0,1,293
3132,0.1247510016,0.75898200274,2628,54459,1,292
3134,0.55178999901,0.25361698866,2629,54459,1,292
3136,0.60758399963,0.37481001019,2630,54459,1,292
3138,0.60758399963,0.44892200828,2631,54459,1,292
3140,0.67625397444,0.40168601274,2632,54459,1,292
3142,0.5,0.47005999088,2600,0,1,2344
3143,0.50099802017,0.78443098068,2596,0,1,2344
3144,0.59980100393,0.26796400547,2594,0,1,2343
3145,0.70459198952,0.48802399635,2595,0,1,2343
3146,0.37107399106,0.54628098011,2571,0,1,2308
3147,0.25426998734,0.57437998056,2573,0,1,2309
3148,0.83939397335,0.48677700758,2570,0,1,2309
3149,0.49802801013,0.50591701269,2566,0,1,2316
3150,0.55719900131,0.62721902132,2567,0,1,2319
3151,0.57297801971,0.55029600859,2568,0,1,2320
3152,0.55810201168,0.68405097723,2633,0,1,317
3158,0.32869398594,0.38115599751,482,0,1,219
3162,0.53570902348,0.41828998923,2572,0,1,2341
3163,0.80209100246,0.32515400648,2579,0,1,2341
3164,0.21953000128,0.74697101116,2590,0,1,2341
3165,0.53795599937,0.75488597155,2582,0,1,2341
3170,0.67824202776,0.28374999762,2583,0,1,2357
3171,0.16972400248,0.39777201414,2584,0,1,2357
3172,0.46854799986,0.55897802114,2585,0,1,2358
3173,0.44181400537,0.23668700457,2580,127589,1,2359
3174,0.34425801039,0.49546301365,2581,127234,1,2359
3175,0.39842200279,0.45857998729,2593,127223,1,2359
3183,0.57766801119,0.2888199985,2654,924,1,1162
3187,0.44490000606,0.73357498646,2663,0,1,2363
3189,0.25136598945,0.53483599424,2664,0,1,2363
3191,0.46261999011,0.46385601163,2665,0,1,2363
3193,0.48644700646,0.35005000234,2666,0,1,2362
3195,0.53825098276,0.24795100093,2667,0,1,2362
3197,0.6667919755,0.17298899591,2668,0,1,2362
3199,0.81232601404,0.11898899823,2669,0,1,2362
3201,0.90983599424,0.11885199696,2670,0,1,2362
3305,0.50602400303,0.18825300038,2640,0,1,2406
3306,0.47289100289,0.45933699608,2639,0,1,2406
3307,0.36445701122,0.18980400264,2641,0,1,2406
3308,0.56626498699,0.79367500544,2642,0,1,2406
3309,0.28915598989,0.78915798664,2653,0,1,2406
3311,0.52710902691,0.78012102842,2646,0,1,2409
3312,0.51204800606,0.76204800606,2645,0,1,2411
3313,0.5,0.49096399546,2644,0,1,2408
3315,0.64999997616,0.67000001669,2649,0,1,2387
3316,0.30500000715,0.59500002861,2648,0,1,2387
3317,0.51249998808,0.73000001907,2650,0,1,2387
3318,0.65200001001,0.81000000238,2651,0,1,2388
3341,0.5,0.5,2773,0,1,2348
3353,0.5662689805,0.4465560019,2676,0,1,2449
3354,0.25771901011,0.35712200403,2677,0,1,2449
3355,0.61401498318,0.84204101563,2675,0,1,2449
3360,0.84782499075,0.48616600037,2691,0,1,2467
3361,0.64492601156,0.48418998718,2687,0,1,2464
3362,0.53425502777,0.37944701314,2747,0,1,2465
3363,0.63833898306,0.64822202921,2686,0,1,2462
3364,0.49868199229,0.557313025,2690,0,1,2466
3365,0.76877397299,0.26679900289,2684,0,1,2460
3366,0.51185697317,0.79051601887,2685,0,1,2461
3367,0.35375499725,0.70751202106,2688,0,1,2465
3401,0.83162200451,0.50752800703,2655,0,1,2494
3402,0.67471700907,0.53557300568,2658,0,1,2499
3403,0.52462601662,0.88564997911,2656,0,1,2497
3404,0.70498901606,0.51496499777,2657,0,1,2498
3429,0.77736800909,0.59078800678,2811,0,1,2501
3430,0.77736800909,0.10076399893,2812,0,1,2501
3431,0.52214598656,0.68612998724,2810,0,1,2501
3432,0.45481899381,0.29216900468,2679,0,1,2433
3433,0.30421701074,0.50451797247,2680,0,1,2435
3434,0.55722898245,0.89307302237,2681,0,1,2434
3435,0.47289100289,0.21536199749,2682,0,1,2434
3436,0.47289100289,0.51355397701,2738,0,1,2530
3437,0.3985170126,0.68501198292,2733,0,1,2529
3438,0.4257439971,0.35204699636,2734,0,1,2529
3439,0.65658599138,0.76441699266,2736,0,1,2529
3440,0.55438297987,0.46061900258,2735,0,1,2529
3441,0.7587890029,0.17369900644,2737,0,1,2529
3442,0.51031398773,0.30168798566,2739,0,1,2533
3443,0.51031398773,0.44092801213,2740,0,1,2534
3445,0.4738059938,0.21069699526,2778,0,1,2513
3446,0.45610401034,0.68593001366,2776,0,1,2514
3447,0.42866900563,0.23662599921,2777,0,1,2514
3452,0.82530200481,0.46385601163,2012,0,1,930
3460,0.52077400684,0.25354099274,2769,0,1,2500
3461,0.52832901478,0.57365500927,2770,0,1,2500
3462,0.87582600117,0.42634600401,2771,0,1,2500
3463,0.42256900668,0.5,2772,0,1,2500
3470,0.51320701838,0.57692301273,2795,0,1,2532
3472,0.50235998631,0.50490397215,2662,0,1,2520
3473,0.52949798107,0.48407098651,2659,0,1,2511
3474,0.45988199115,0.65752202272,2660,0,1,2511
3475,0.55899697542,0.33362901211,2661,0,1,2516
3483,0.67363297939,0.58360099792,2869,0,1,2266
